Company Name,Industry,Symbol,Series,ISIN Code
360 ONE WAM LIMITED,Financial Services,360ONE,EQ,INE466L01038
3M India Limited,Diversified,3MINDIA,EQ,INE470A01017
Aadhar Housing Finance Ltd.,Financial Services,AADHARHFC,EQ,INE883F01010
Aarti Drugs Limited,Healthcare,AARTIDRUGS,EQ,INE767A01016
Aarti Industries Limited,Chemicals,AARTIIND,EQ,INE769A01020
Aarti Pharmalabs Limited,Healthcare,AARTIPHARM,EQ,INE0LRU01027
Aavas Financiers Ltd.,Financial Services,AAVAS,EQ,INE216P01012
ABB India Limited,Capital Goods,ABB,EQ,INE117A01022
Abbott India Limited,Healthcare,ABBOTINDIA,EQ,INE358A01014
Aditya Birla Capital Limited,Financial Services,ABCAPITAL,EQ,INE674K01013
Aditya Birla Fashion and Retail Limited,Consumer Services,ABFRL,EQ,INE647O01011
Aditya Birla Lifestyle Brands Ltd.,Consumer Services,ABLBL,EQ,INE14LE01019
Aditya Birla Real Estate Ltd.,Forest Materials,ABREL,EQ,INE055A01016
Aditya Birla Sun Life AMC Limited,Financial Services,ABSLAMC,EQ,INE404A01024
ACC Limited,Construction Materials,ACC,EQ,INE012A01025
Action Construction Equipment Limited,Capital Goods,ACE,EQ,INE731H01025
Archean Chemical Industries Limited,Chemicals,ACI,EQ,INE128X01021
ACME Solar Holdings Ltd.,Power,ACMESOLAR,EQ,INE622W01025
Adani Energy Solutions Limited,Power,ADANIENSOL,EQ,INE931S01010
Adani Enterprises Limited,Metals & Mining,ADANIENT,EQ,INE423A01024
Adani Green Energy Limited,Power,ADANIGREEN,EQ,INE364U01010
Adani Ports and Special Economic Zone Limited,Services,ADANIPORTS,EQ,INE742F01042
Adani Power Limited,Power,ADANIPOWER,EQ,INE814H01011
Advanced Enzyme Technologies Limited,Healthcare,ADVENZYMES,EQ,INE837H01020
Aegis Logistics Ltd.,"Oil, Gas & Consumable Fuels",AEGISLOG,EQ,INE208C01025
Aegis Vopak Terminals Ltd.,"Oil, Gas & Consumable Fuels",AEGISVOPAK,EQ,INE0INX01018
Aether Industries Limited,Chemicals,AETHER,EQ,INE0BWX01014
Afcons Infrastructure Ltd.,Construction,AFCONS,EQ,INE101I01011
Affle (India) Limited,Information Technology,AFFLE,EQ,INE00WC01027
Dr. Agarwal's Health Care Ltd.,Healthcare,AGARWALEYE,EQ,INE943P01029
AGI Greenpac Limited,Capital Goods,AGI,EQ,INE415A01038
Ahluwalia Contracts (India) Limited,Construction,AHLUCONT,EQ,INE758C01029
AIA Engineering Limited,Capital Goods,AIAENG,EQ,INE212H01026
Authum Investment & Infrastructure Ltd.,Financial Services,AIIL,EQ,INE206F01022
Ajanta Pharma Limited,Healthcare,AJANTPHARM,EQ,INE031B01049
Akums Drugs and Pharmaceuticals Ltd.,Healthcare,AKUMS,EQ,INE09XN01023
Akzo Nobel India Limited,Consumer Durables,AKZOINDIA,EQ,INE133A01011
Alkem Laboratories Limited,Healthcare,ALKEM,EQ,INE540L01014
Alkyl Amines Chemicals Limited,Chemicals,ALKYLAMINE,EQ,INE150B01039
Allcargo Logistics Limited,Services,ALLCARGO,EQ,INE418H01029
Alok Industries Limited,Textiles,ALOKINDS,EQ,INE270A01029
Amber Enterprises India Limited,Consumer Durables,AMBER,EQ,INE371P01015
Ambuja Cements Limited,Construction Materials,AMBUJACEM,EQ,INE079A01024
Anand Rathi Wealth Limited,Financial Services,ANANDRATHI,EQ,INE463V01026
Anant Raj Limited,Realty,ANANTRAJ,EQ,INE242C01024
Angel One Limited,Financial Services,ANGELONE,EQ,INE732I01013
Anupam Rasayan India Limited,Chemicals,ANURAS,EQ,INE930P01018
Apar Industries Limited,Capital Goods,APARINDS,EQ,INE372A01015
APL Apollo Tubes Limited,Capital Goods,APLAPOLLO,EQ,INE702C01027
Alembic Pharmaceuticals Limited,Healthcare,APLLTD,EQ,INE901L01018
Apollo Micro Systems Limited,Capital Goods,APOLLO,EQ,INE713T01028
Apollo Hospitals Enterprise Limited,Healthcare,APOLLOHOSP,EQ,INE437A01024
Apollo Tyres Limited,Automobile and Auto Components,APOLLOTYRE,EQ,INE438A01022
Aptus Value Housing Finance India Limited,Financial Services,APTUS,EQ,INE852O01025
Amara Raja Energy & Mobility Ltd.,Automobile and Auto Components,ARE&M,EQ,INE885A01032
Arvind Limited,Textiles,ARVIND,EQ,INE034A01011
Arvind Fashions Limited,Consumer Services,ARVINDFASN,EQ,INE955V01021
Asahi India Glass Limited,Automobile and Auto Components,ASAHIINDIA,EQ,INE439A01020
Ashoka Buildcon Limited,Construction,ASHOKA,EQ,INE442H01029
Ashok Leyland Limited,Capital Goods,ASHOKLEY,EQ,INE208A01029
Asian Paints Limited,Consumer Durables,ASIANPAINT,EQ,INE021A01026
Aster DM Healthcare Limited,Healthcare,ASTERDM,EQ,INE914M01019
Astral Limited,Capital Goods,ASTRAL,EQ,INE006I01046
Astra Microwave Products Limited,Capital Goods,ASTRAMICRO,EQ,INE386C01029
AstraZeneca Pharma India Limited,Healthcare,ASTRAZEN,EQ,INE203A01020
Adani Total Gas Limited,"Oil, Gas & Consumable Fuels",ATGL,EQ,INE399L01023
Ather Energy Ltd.,Automobile and Auto Components,ATHERENERG,EQ,INE0LEZ01016
Atul Limited,Chemicals,ATUL,EQ,INE100A01010
AU Small Finance Bank Limited,Financial Services,AUBANK,EQ,INE949L01017
Aurobindo Pharma Limited,Healthcare,AUROPHARMA,EQ,INE406A01037
Adani Wilmar Limited,Fast Moving Consumer Goods,AWL,EQ,INE699H01024
Axis Bank Limited,Financial Services,AXISBANK,EQ,INE238A01034
Bajaj Auto Limited,Automobile and Auto Components,BAJAJ-AUTO,EQ,INE917I01010
Bajaj Consumer Care Limited,Fast Moving Consumer Goods,BAJAJCON,EQ,INE933K01021
Bajaj Finserv Limited,Financial Services,BAJAJFINSV,EQ,INE918I01026
Bajaj Housing Finance Ltd.,Financial Services,BAJAJHFL,EQ,INE377Y01014
Bajaj Hindusthan Sugar Limited,Fast Moving Consumer Goods,BAJAJHIND,EQ,INE306A01021
Bajaj Holdings & Investment Limited,Financial Services,BAJAJHLDNG,EQ,INE118A01012
Bajaj Finance Limited,Financial Services,BAJFINANCE,EQ,INE296A01024
Balaji Amines Limited,Chemicals,BALAMINES,EQ,INE050E01027
Balkrishna Industries Limited,Automobile and Auto Components,BALKRISIND,EQ,INE787D01026
Balmer Lawrie & Company Limited,Diversified,BALMLAWRIE,EQ,INE164A01016
Balrampur Chini Mills Limited,Fast Moving Consumer Goods,BALRAMCHIN,EQ,INE119A01028
Banco Products (I) Limited,Automobile and Auto Components,BANCOINDIA,EQ,INE213C01025
Bandhan Bank Limited,Financial Services,BANDHANBNK,EQ,INE545U01014
Bank of Baroda,Financial Services,BANKBARODA,EQ,INE028A01039
Bank of India,Financial Services,BANKINDIA,EQ,INE084A01016
BASF India Limited,Chemicals,BASF,EQ,INE373A01013
Bata India Limited,Consumer Durables,BATAINDIA,EQ,INE176A01028
Bayer Cropscience Limited,Chemicals,BAYERCROP,EQ,INE462A01022
Bharat Bijlee Limited,Capital Goods,BBL,EQ,INE464A01028
Black Box Limited,Information Technology,BBOX,EQ,INE676A01027
Bombay Burmah Trading Corporation Limited,Fast Moving Consumer Goods,BBTC,EQ,INE050A01025
Bharat Dynamics Limited,Capital Goods,BDL,EQ,INE171Z01018
Mrs. Bectors Food Specialities Limited,Fast Moving Consumer Goods,BECTORFOOD,EQ,INE495P01012
Bharat Electronics Limited,Capital Goods,BEL,EQ,INE263A01024
BEML Limited,Capital Goods,BEML,EQ,INE258A01016
Berger Paints (I) Limited,Consumer Durables,BERGEPAINT,EQ,INE463A01038
Bharat Forge Limited,Capital Goods,BHARATFORG,EQ,INE465A01025
Bharat Rasayan Limited,Chemicals,BHARATRAS,EQ,INE838B01013
Bharti Airtel Limited,Telecommunication,BHARTIARTL,EQ,INE397D01024
Bharti Hexacom Ltd.,Telecommunication,BHARTIHEXA,EQ,INE343G01021
Bharat Heavy Electricals Limited,Capital Goods,BHEL,EQ,INE257A01026
Bikaji Foods International Limited,Fast Moving Consumer Goods,BIKAJI,EQ,INE00E101023
Biocon Ltd.,Healthcare,BIOCON,EQ,INE376G01013
Birla Corporation Limited,Construction Materials,BIRLACORPN,EQ,INE340A01012
BLS International Services Ltd.,Consumer Services,BLS,EQ,INE153T01027
Blue Dart Express Limited,Services,BLUEDART,EQ,INE233B01017
Blue Jet Healthcare Ltd.,Healthcare,BLUEJET,EQ,INE0KBH01020
Blue Star Limited,Consumer Durables,BLUESTARCO,EQ,INE472A01039
Bombay Dyeing & Mfg Company Limited,Textiles,BOMDYEING,EQ,INE032A01023
Borosil Limited,Consumer Durables,BOROLTD,EQ,INE02PY01013
BOROSIL RENEWABLES LIMITED,Capital Goods,BORORENEW,EQ,INE666D01022
Bosch Limited,Automobile and Auto Components,BOSCHLTD,EQ,INE323A01026
Bharat Petroleum Corporation Limited,"Oil, Gas & Consumable Fuels",BPCL,EQ,INE029A01011
Brigade Enterprises Limited,Realty,BRIGADE,EQ,INE791I01019
Britannia Industries Limited,Fast Moving Consumer Goods,BRITANNIA,EQ,INE216A01030
BSE Ltd.,Financial Services,BSE,EQ,INE118H01025
BIRLASOFT LIMITED,Information Technology,BSOFT,EQ,INE836A01035
Campus Activewear Limited,Consumer Durables,CAMPUS,EQ,INE278Y01022
Computer Age Management Services Limited,Financial Services,CAMS,EQ,INE596I01012
Canara Bank,Financial Services,CANBK,EQ,INE476A01014
Can Fin Homes Limited,Financial Services,CANFINHOME,EQ,INE477A01020
Caplin Point Laboratories Limited,Healthcare,CAPLIPOINT,EQ,INE475E01026
Carborundum Universal Limited,Capital Goods,CARBORUNIV,EQ,INE120A01034
Cartrade Tech Limited,Consumer Services,CARTRADE,EQ,INE290S01011
Castrol India Limited,"Oil, Gas & Consumable Fuels",CASTROLIND,EQ,INE172A01027
CCL Products (India) Limited,Fast Moving Consumer Goods,CCL,EQ,INE421D01022
Central Depository Services (India) Ltd.,Financial Services,CDSL,EQ,INE736A01011
Ceat Ltd.,Automobile and Auto Components,CEATLTD,EQ,INE482A01020
Central Bank of India,Financial Services,CENTRALBK,EQ,INE483A01010
Century Plyboards (India) Limited,Consumer Durables,CENTURYPLY,EQ,INE348B01021
Cera Sanitaryware Limited,Consumer Durables,CERA,EQ,INE739E01017
CESC Limited,Power,CESC,EQ,INE486A01021
Capri Global Capital Limited,Financial Services,CGCL,EQ,INE180C01026
CG Power and Industrial Solutions Limited,Capital Goods,CGPOWER,EQ,INE067A01029
Chalet Hotels Limited,Consumer Services,CHALET,EQ,INE427F01016
Chambal Fertilizers & Chemicals Limited,Chemicals,CHAMBLFERT,EQ,INE085A01013
Chemplast Sanmar Limited,Chemicals,CHEMPLASTS,EQ,INE488A01050
Chennai Petroleum Corporation Limited,"Oil, Gas & Consumable Fuels",CHENNPETRO,EQ,INE178A01016
Choice International Limited,Financial Services,CHOICEIN,EQ,INE102B01014
Cholamandalam Investment and Finance Company Limited,Financial Services,CHOLAFIN,EQ,INE121A01024
Cholamandalam Financial Holdings Limited,Financial Services,CHOLAHLDNG,EQ,INE149A01033
CIE Automotive India Limited,Automobile and Auto Components,CIEINDIA,EQ,INE536H01010
Cipla Limited,Healthcare,CIPLA,EQ,INE059A01026
Clean Science and Technology Limited,Chemicals,CLEAN,EQ,INE227W01023
CMS Info Systems Limited,Services,CMSINFO,EQ,INE925R01014
Coal India Limited,"Oil, Gas & Consumable Fuels",COALINDIA,EQ,INE522F01014
Cochin Shipyard Limited,Capital Goods,COCHINSHIP,EQ,INE704P01017
Coforge Limited,Information Technology,COFORGE,EQ,INE591G01017
Cohance Lifesciences Ltd.,Healthcare,COHANCE,EQ,INE03QK01018
Colgate Palmolive (India) Limited,Fast Moving Consumer Goods,COLPAL,EQ,INE259A01022
Container Corporation of India Limited,Services,CONCOR,EQ,INE111A01025
Concord Biotech Limited,Healthcare,CONCORDBIO,EQ,INE338H01029
Coromandel International Limited,Chemicals,COROMANDEL,EQ,INE169A01031
Craftsman Automation Limited,Automobile and Auto Components,CRAFTSMAN,EQ,INE00LO01017
CREDITACCESS GRAMEEN LIMITED,Financial Services,CREDITACC,EQ,INE741K01010
CRISIL Limited,Financial Services,CRISIL,EQ,INE007A01025
Crompton Greaves Consumer Electricals Limited,Consumer Durables,CROMPTON,EQ,INE299U01018
CSB Bank Limited,Financial Services,CSBBANK,EQ,INE679A01013
City Union Bank Limited,Financial Services,CUB,EQ,INE491A01021
Cummins India Limited,Capital Goods,CUMMINSIND,EQ,INE298A01020
Cyient Limited,Information Technology,CYIENT,EQ,INE136B01020
Cyient DLM Limited,Capital Goods,CYIENTDLM,EQ,INE055S01018
Dabur India Limited,Fast Moving Consumer Goods,DABUR,EQ,INE016A01026
Dalmia Bharat Limited,Construction Materials,DALBHARAT,EQ,INE00R701025
Dalmia Bharat Sugar and Industries Limited,Fast Moving Consumer Goods,DALMIASUG,EQ,INE495A01022
Datamatics Global Services Limited,Information Technology,DATAMATICS,EQ,INE365B01017
Data Patterns (India) Limited,Capital Goods,DATAPATTNS,EQ,INE0IX101010
D.B.Corp Limited,"Media, Entertainment & Publication",DBCORP,EQ,INE950I01011
Dilip Buildcon Limited,Construction,DBL,EQ,INE917M01012
D B Realty Limited,Realty,DBREALTY,EQ,INE879I01012
Dishman Carbogen Amcis Limited,Healthcare,DCAL,EQ,INE385W01011
DCB Bank Limited,Financial Services,DCBBANK,EQ,INE503A01015
DCM Shriram Limited,Diversified,DCMSHRIRAM,EQ,INE499A01024
DCX Systems Limited,Capital Goods,DCXINDIA,EQ,INE0KL801015
Deepak Fertilizers and Petrochemicals Corporation Limited,Chemicals,DEEPAKFERT,EQ,INE501A01019
Deepak Nitrite Limited,Chemicals,DEEPAKNTR,EQ,INE288B01029
Delhivery Limited,Services,DELHIVERY,EQ,INE148O01028
Delta Corp Limited,Consumer Services,DELTACORP,EQ,INE124G01033
Devyani International Limited,Consumer Services,DEVYANI,EQ,INE872J01023
Dhanuka Agritech Limited,Chemicals,DHANUKA,EQ,INE435G01025
Dish TV India Limited,"Media, Entertainment & Publication",DISHTV,EQ,INE836F01026
Divi's Laboratories Limited,Healthcare,DIVISLAB,EQ,INE361B01024
Dixon Technologies (India) Limited,Consumer Durables,DIXON,EQ,INE935N01020
DLF Limited,Realty,DLF,EQ,INE271C01023
Avenue Supermarts Limited,Consumer Services,DMART,EQ,INE192R01011
Dodla Dairy Limited,Fast Moving Consumer Goods,DODLA,EQ,INE021O01019
DOMS Industries Ltd.,Fast Moving Consumer Goods,DOMS,EQ,INE321T01012
Dr. Reddy's Laboratories Limited,Healthcare,DRREDDY,EQ,INE089A01023
Dynamatic Technologies Limited,Capital Goods,DYNAMATECH,EQ,INE221B01012
Easy Trip Planners Limited,Consumer Services,EASEMYTRIP,EQ,INE07O001026
eClerx Services Limited,Services,ECLERX,EQ,INE738I01010
Edelweiss Financial Services Limited,Financial Services,EDELWEISS,EQ,INE532F01054
Eicher Motors Limited,Automobile and Auto Components,EICHERMOT,EQ,INE066A01021
EID Parry India Limited,Chemicals,EIDPARRY,EQ,INE126A01031
EIH Limited,Consumer Services,EIHOTEL,EQ,INE230A01023
Elecon Engineering Company Limited,Capital Goods,ELECON,EQ,INE205B01023
Electrosteel Castings Limited,Capital Goods,ELECTCAST,EQ,INE086A01029
Elgi Equipments Limited,Capital Goods,ELGIEQUIP,EQ,INE285A01027
Emami Limited,Fast Moving Consumer Goods,EMAMILTD,EQ,INE548C01032
Emcure Pharmaceuticals Ltd.,Healthcare,EMCURE,EQ,INE168P01015
eMudhra Limited,Information Technology,EMUDHRA,EQ,INE01QM01018
Endurance Technologies Limited,Automobile and Auto Components,ENDURANCE,EQ,INE913H01037
Engineers India Limited,Construction,ENGINERSIN,EQ,INE510A01028
Siemens Energy India Ltd.,Capital Goods,ENRIN,EQ,INE1NPP01017
Epigral Limited,Chemicals,EPIGRAL,EQ,INE071N01016
EPL Limited,Capital Goods,EPL,EQ,INE255A01020
Equitas Small Finance Bank Limited,Financial Services,EQUITASBNK,EQ,INE063P01018
Eris Lifesciences Limited,Healthcare,ERIS,EQ,INE406M01024
Esab India Limited,Capital Goods,ESABINDIA,EQ,INE284A01012
Escorts Kubota Limited,Capital Goods,ESCORTS,EQ,INE042A01014
Eternal Ltd.,Consumer Services,ETERNAL,EQ,INE758T01015
Exide Industries Limited,Automobile and Auto Components,EXIDEIND,EQ,INE302A01020
Fertilizers and Chemicals Travancore Limited,Chemicals,FACT,EQ,INE188A01015
Fineotex Chemical Limited,Chemicals,FCL,EQ,INE045J01026
FDC Limited,Healthcare,FDC,EQ,INE258B01022
The Federal Bank Limited,Financial Services,FEDERALBNK,EQ,INE171A01029
Finolex Cables Limited,Capital Goods,FINCABLES,EQ,INE235A01022
Fine Organic Industries Limited,Chemicals,FINEORG,EQ,INE686Y01026
Finolex Industries Limited,Capital Goods,FINPIPE,EQ,INE183A01024
Brainbees Solutions Ltd.,Consumer Services,FIRSTCRY,EQ,INE02RE01045
Five-Star Business Finance Limited,Financial Services,FIVESTAR,EQ,INE128S01021
Gujarat Fluorochemicals Limited,Chemicals,FLUOROCHEM,EQ,INE09N301011
FORCE MOTORS LTD,Automobile and Auto Components,FORCEMOT,EQ,INE451A01017
Fortis Healthcare Limited,Healthcare,FORTIS,EQ,INE061F01013
Firstsource Solutions Limited,Services,FSL,EQ,INE684F01012
Fusion Micro Finance Limited,Financial Services,FUSION,EQ,INE139R01012
Gabriel India Limited,Automobile and Auto Components,GABRIEL,EQ,INE524A01029
GAIL (India) Limited,"Oil, Gas & Consumable Fuels",GAIL,EQ,INE129A01019
Galaxy Surfactants Limited,Chemicals,GALAXYSURF,EQ,INE600K01018
Gallantt Ispat Limited,Capital Goods,GALLANTT,EQ,INE297H01019
Garware Technical Fibres Limited,Textiles,GARFIBRES,EQ,INE276A01018
Gateway Distriparks Limited,Services,GATEWAY,EQ,INE079J01017
Gensol Engineering Limited,Services,GENSOL,EQ,INE06H201014
Genus Power Infrastructures Limited,Capital Goods,GENUSPOWER,EQ,INE955D01029
The Great Eastern Shipping Company Limited,Services,GESHIP,EQ,INE017A01032
GHCL Limited,Chemicals,GHCL,EQ,INE539A01019
General Insurance Corporation of India,Financial Services,GICRE,EQ,INE481Y01014
Gillette India Limited,Fast Moving Consumer Goods,GILLETTE,EQ,INE322A01010
Gland Pharma Limited,Healthcare,GLAND,EQ,INE068V01023
GlaxoSmithKline Pharmaceuticals Limited,Healthcare,GLAXO,EQ,INE159A01016
Glenmark Pharmaceuticals Limited,Healthcare,GLENMARK,EQ,INE935A01035
Gujarat Mineral Development Corporation Limited,Metals & Mining,GMDCLTD,EQ,INE131A01031
GMM Pfaudler Limited,Capital Goods,GMMPFAUDLR,EQ,INE541A01023
GMR Airports Ltd.,Services,GMRAIRPORT,EQ,INE776C01039
Gujarat Narmada Valley Fertilizers and Chemicals Limited,Chemicals,GNFC,EQ,INE113A01013
Go Fashion (India) Limited,Consumer Services,GOCOLORS,EQ,INE0BJS01011
Godfrey Phillips India Limited,Fast Moving Consumer Goods,GODFRYPHLP,EQ,INE260B01028
Go Digit General Insurance Ltd.,Financial Services,GODIGIT,EQ,INE03JT01014
Godrej Agrovet Limited,Fast Moving Consumer Goods,GODREJAGRO,EQ,INE850D01014
Godrej Consumer Products Ltd.,Fast Moving Consumer Goods,GODREJCP,EQ,INE102D01028
Godrej Industries Limited,Diversified,GODREJIND,EQ,INE233A01035
Godrej Properties Limited,Realty,GODREJPROP,EQ,INE484J01027
Gokaldas Exports Limited,Textiles,GOKEX,EQ,INE887G01027
Godawari Power And Ispat limited,Capital Goods,GPIL,EQ,INE177H01021
Gujarat Pipavav Port Limited,Services,GPPL,EQ,INE517F01014
Granules India Limited,Healthcare,GRANULES,EQ,INE101D01020
Graphite India Limited,Capital Goods,GRAPHITE,EQ,INE371A01025
Grasim Industries Limited,Construction Materials,GRASIM,EQ,INE047A01021
Gravita India Limited,Metals & Mining,GRAVITA,EQ,INE024L01027
Greenlam Industries Limited,Consumer Durables,GREENLAM,EQ,INE544R01021
Greenpanel Industries Limited,Consumer Durables,GREENPANEL,EQ,INE08ZM01014
Grindwell Norton Limited,Capital Goods,GRINDWELL,EQ,INE536A01023
G R Infraprojects Limited,Construction,GRINFRA,EQ,INE201P01022
Garden Reach Shipbuilders & Engineers Limited,Capital Goods,GRSE,EQ,INE382Z01011
Garware Hi-Tech Films Limited,Capital Goods,GRWRHITECH,EQ,INE291A01017
Gujarat State Fertilizers & Chemicals Limited,Chemicals,GSFC,EQ,INE026A01025
Gujarat State Petronet Limited,"Oil, Gas & Consumable Fuels",GSPL,EQ,INE246F01010
Gujarat Alkalies and Chemicals Limited,Chemicals,GUJALKALI,EQ,INE186A01019
Gujarat Gas Limited,"Oil, Gas & Consumable Fuels",GUJGASLTD,EQ,INE844O01030
Gulf Oil Lubricants India Limited,"Oil, Gas & Consumable Fuels",GULFOILLUB,EQ,INE635Q01029
GE Vernova T&D India Ltd.,Capital Goods,GVT&D,EQ,INE200A01026
Hindustan Aeronautics Limited,Capital Goods,HAL,EQ,INE066F01012
Happiest Minds Technologies Limited,Information Technology,HAPPSTMNDS,EQ,INE419U01012
Harsha Engineers International Limited,Capital Goods,HARSHA,EQ,INE0JUS01029
Hathway Cable & Datacom Limited,"Media, Entertainment & Publication",HATHWAY,EQ,INE982F01036
Hatsun Agro Product Limited,Fast Moving Consumer Goods,HATSUN,EQ,INE473B01035
Havells India Limited,Consumer Durables,HAVELLS,EQ,INE176B01034
HBL Engineering Ltd.,Capital Goods,HBLENGINE,EQ,INE292B01021
Hindustan Construction Company Limited,Construction,HCC,EQ,INE549A01026
Healthcare Global Enterprises Limited,Healthcare,HCG,EQ,INE075I01017
HCL Technologies Limited,Information Technology,HCLTECH,EQ,INE860A01027
HDFC Asset Management Company Limited,Financial Services,HDFCAMC,EQ,INE127D01025
HDFC Bank Limited,Financial Services,HDFCBANK,EQ,INE040A01034
HDFC Life Insurance Company Limited,Financial Services,HDFCLIFE,EQ,INE795G01014
HEG Limited,Capital Goods,HEG,EQ,INE545A01016
HeidelbergCement India Limited,Construction Materials,HEIDELBERG,EQ,INE578A01017
Hemisphere Properties India Limited,Realty,HEMIPROP,EQ,INE0AJG01018
Hero MotoCorp Limited,Automobile and Auto Components,HEROMOTOCO,EQ,INE158A01026
Hexaware Technologies Ltd.,Information Technology,HEXT,EQ,INE093A01041
HFCL Limited,Telecommunication,HFCL,EQ,INE548A01028
H.G. Infra Engineering Limited,Construction,HGINFRA,EQ,INE926X01010
Hinduja Global Solutions Limited,Services,HGS,EQ,INE170I01016
Hikal Limited,Healthcare,HIKAL,EQ,INE475B01022
Hindalco Industries Limited,Metals & Mining,HINDALCO,EQ,INE038A01020
Hindustan Copper Ltd.,Metals & Mining,HINDCOPPER,EQ,INE531E01026
Hindustan Petroleum Corporation Limited,"Oil, Gas & Consumable Fuels",HINDPETRO,EQ,INE094A01015
Hindustan Unilever Limited,Fast Moving Consumer Goods,HINDUNILVR,EQ,INE030A01027
Hindware Home Innovation Limited,Consumer Durables,HINDWAREAP,EQ,INE05AN01011
Hindustan Zinc Limited,Metals & Mining,HINDZINC,EQ,INE267A01025
HLE Glascoat Limited,Capital Goods,HLEGLAS,EQ,INE461D01028
Hindustan Foods Limited,Fast Moving Consumer Goods,HNDFDS,EQ,INE254N01026
Home First Finance Company India Limited,Financial Services,HOMEFIRST,EQ,INE481N01025
Honasa Consumer Ltd.,Fast Moving Consumer Goods,HONASA,EQ,INE0J5401028
Honeywell Automation India Limited,Capital Goods,HONAUT,EQ,INE671A01010
Himadri Speciality Chemical Limited,Chemicals,HSCL,EQ,INE019C01026
Housing & Urban Development Corporation Limited,Financial Services,HUDCO,EQ,INE031A01017
Hyundai Motor India Ltd.,Automobile and Auto Components,HYUNDAI,EQ,INE0V6F01027
ICICI Bank Limited,Financial Services,ICICIBANK,EQ,INE090A01021
ICICI Lombard General Insurance Company Limited,Financial Services,ICICIGI,EQ,INE765G01017
ICICI Prudential Life Insurance Company Limited,Financial Services,ICICIPRULI,EQ,INE726G01019
Indo Count Industries Limited,Textiles,ICIL,EQ,INE483B01026
ICRA Limited,Financial Services,ICRA,EQ,INE725G01011
IDBI Bank Limited,Financial Services,IDBI,EQ,INE008A01015
Vodafone Idea Limited,Telecommunication,IDEA,EQ,INE669E01016
IDFC First Bank Limited,Financial Services,IDFCFIRSTB,EQ,INE092T01019
Indian Energy Exchange Limited,Financial Services,IEX,EQ,INE022Q01020
IFB Industries Limited,Consumer Durables,IFBIND,EQ,INE559A01017
IFCI Limited,Financial Services,IFCI,EQ,INE039A01010
International Gemmological Institute (India) Ltd.,Services,IGIL,EQ,INE0Q9301021
Indraprastha Gas Limited,"Oil, Gas & Consumable Fuels",IGL,EQ,INE203G01027
IIFL Finance Limited,Financial Services,IIFL,EQ,INE530B01024
Inventurus Knowledge Solutions Ltd.,Information Technology,IKS,EQ,INE115Q01022
Imagicaaworld Entertainment Limited,Consumer Services,IMAGICAA,EQ,INE172N01012
Indian Metals & Ferro Alloys Limited,Metals & Mining,IMFA,EQ,INE919H01018
Indegene Ltd.,Healthcare,INDGN,EQ,INE065X01017
The Indian Hotels Company Limited,Consumer Services,INDHOTEL,EQ,INE053A01029
The India Cements Limited,Construction Materials,INDIACEM,EQ,INE383A01012
Indiamart Intermesh Limited,Consumer Services,INDIAMART,EQ,INE933S01016
Indian Bank,Financial Services,INDIANB,EQ,INE562A01011
InterGlobe Aviation Limited,Services,INDIGO,EQ,INE646L01027
Indigo Paints Limited,Consumer Durables,INDIGOPNTS,EQ,INE09VQ01012
IndusInd Bank Ltd.,Financial Services,INDUSINDBK,EQ,INE095A01012
Indus Towers Limited,Telecommunication,INDUSTOWER,EQ,INE121J01017
Infosys Limited,Information Technology,INFY,EQ,INE009A01021
Ingersoll Rand (India) Limited,Capital Goods,INGERRAND,EQ,INE177A01018
INOX India Ltd.,Capital Goods,INOXINDIA,EQ,INE616N01034
Inox Wind Limited,Capital Goods,INOXWIND,EQ,INE066P01011
Intellect Design Arena Limited,Information Technology,INTELLECT,EQ,INE306R01017
Indian Overseas Bank,Financial Services,IOB,EQ,INE565A01014
Indian Oil Corporation Ltd.,"Oil, Gas & Consumable Fuels",IOC,EQ,INE242A01010
ION Exchange (India) Limited,Construction,IONEXCHANG,EQ,INE570A01022
IPCA Laboratories Limited,Healthcare,IPCALAB,EQ,INE571A01038
IRB Infrastructure Developers Limited,Construction,IRB,EQ,INE821I01022
Ircon International Limited,Construction,IRCON,EQ,INE962Y01021
Indian Railway Catering And Tourism Corporation Ltd.,Consumer Services,IRCTC,EQ,INE335Y01020
Indian Renewable Energy Development Agency Ltd.,Financial Services,IREDA,EQ,INE202E01016
Indian Railway Finance Corporation Limited,Financial Services,IRFC,EQ,INE053F01010
Isgec Heavy Engineering Limited,Construction,ISGEC,EQ,INE858B01029
ITC Limited,Fast Moving Consumer Goods,ITC,EQ,INE154A01025
ITC Hotels Ltd.,Consumer Services,ITCHOTELS,EQ,INE379A01028
India Tourism Development Corporation Limited,Consumer Services,ITDC,EQ,INE353K01014
ITI Limited,Telecommunication,ITI,EQ,INE248A01017
The Jammu & Kashmir Bank Limited,Financial Services,J&KBANK,EQ,INE168A01041
Jai Corp Limited,Capital Goods,JAICORPLTD,EQ,INE070D01027
Jamna Auto Industries Limited,Automobile and Auto Components,JAMNAAUTO,EQ,INE039C01032
Jayaswal Neco Industries Limited,Capital Goods,JAYNECOIND,EQ,INE854B01010
JB Chemicals & Pharmaceuticals Limited,Healthcare,JBCHEPHARM,EQ,INE572A01036
JBM Auto Ltd.,Automobile and Auto Components,JBMA,EQ,INE927D01051
Jindal Saw Limited,Capital Goods,JINDALSAW,EQ,INE324A01024
Jindal Steel & Power Limited,Metals & Mining,JINDALSTEL,EQ,INE749A01030
Jindal Worldwide Limited,Textiles,JINDWORLD,EQ,INE247D01039
Jio Financial Services Limited,Financial Services,JIOFIN,EQ,INE758E01017
Jain Irrigation Systems Limited,Capital Goods,JISLJALEQS,EQ,INE175A01038
J.K. Cement Ltd.,Construction Materials,JKCEMENT,EQ,INE823G01014
J.Kumar Infraprojects Limited,Construction,JKIL,EQ,INE576I01022
JK Lakshmi Cement Limited,Construction Materials,JKLAKSHMI,EQ,INE786A01032
JK Paper Limited,Forest Materials,JKPAPER,EQ,INE789E01012
JK Tyre & Industries Limited,Automobile and Auto Components,JKTYRE,EQ,INE573A01042
Jupiter Life Line Hospitals Limited,Healthcare,JLHL,EQ,INE682M01012
JM Financial Limited,Financial Services,JMFINANCIL,EQ,INE780C01023
Jaiprakash Power Ventures Limited,Power,JPPOWER,EQ,INE351F01018
Jindal Stainless Limited,Metals & Mining,JSL,EQ,INE220G01021
JSW Cement Ltd.,Construction Materials,JSWCEMENT,EQ,INE718I01012
JSW Energy Limited,Power,JSWENERGY,EQ,INE121E01018
JSW Holdings Limited,Financial Services,JSWHL,EQ,INE824G01012
JSW Infrastructure Ltd.,Services,JSWINFRA,EQ,INE880J01026
JSW Steel Limited,Metals & Mining,JSWSTEEL,EQ,INE019A01038
JTL INDUSTRIES LIMITED,Capital Goods,JTLIND,EQ,INE391J01024
Jubilant Foodworks Limited,Consumer Services,JUBLFOOD,EQ,INE797F01020
Jubilant Ingrevia Limited,Chemicals,JUBLINGREA,EQ,INE0BY001018
Jubilant Pharmova Limited,Healthcare,JUBLPHARMA,EQ,INE700A01033
Just Dial Limited,Consumer Services,JUSTDIAL,EQ,INE599M01018
Jupiter Wagons Limited,Capital Goods,JWL,EQ,INE209L01016
Jyothy Labs Limited,Fast Moving Consumer Goods,JYOTHYLAB,EQ,INE668F01031
Jyoti CNC Automation Ltd.,Capital Goods,JYOTICNC,EQ,INE980O01024
Kajaria Ceramics Limited,Consumer Durables,KAJARIACER,EQ,INE217B01036
Kalyan Jewellers India Limited,Consumer Durables,KALYANKJIL,EQ,INE303R01014
Kansai Nerolac Paints Limited,Consumer Durables,KANSAINER,EQ,INE531A01024
Karur Vysya Bank Limited,Financial Services,KARURVYSYA,EQ,INE036D01028
Kaynes Technology India Limited,Capital Goods,KAYNES,EQ,INE918Z01012
KDDL Limited,Consumer Durables,KDDL,EQ,INE291D01011
KEC International Limited,Capital Goods,KEC,EQ,INE389H01022
KEI Industries Limited,Capital Goods,KEI,EQ,INE878B01027
Kfin Technologies Limited,Financial Services,KFINTECH,EQ,INE138Y01010
Krishna Institute of Medical Sciences Limited,Healthcare,KIMS,EQ,INE967H01017
Kirloskar Brothers Limited,Capital Goods,KIRLOSBROS,EQ,INE732A01036
Kirloskar Oil Engines Limited,Capital Goods,KIRLOSENG,EQ,INE146L01010
Kirloskar Industries Limited,Capital Goods,KIRLOSIND,EQ,INE250A01039
Kewal Kiran Clothing Limited,Textiles,KKCL,EQ,INE401H01017
KNR Constructions Limited,Construction,KNRCON,EQ,INE634I01029
Kolte - Patil Developers Limited,Realty,KOLTEPATIL,EQ,INE094I01018
Kotak Mahindra Bank Limited,Financial Services,KOTAKBANK,EQ,INE237A01028
KPI Green Energy Limited,Power,KPIGREEN,EQ,INE542W01017
Kalpataru Projects International Limited,Construction,KPIL,EQ,INE220B01022
KPIT Technologies Limited,Information Technology,KPITTECH,EQ,INE04I401011
K.P.R. Mill Ltd.,Textiles,KPRMILL,EQ,INE930H01031
KRBL Limited,Fast Moving Consumer Goods,KRBL,EQ,INE001B01026
Ksb Limited,Capital Goods,KSB,EQ,INE999A01015
Kaveri Seed Company Limited,Fast Moving Consumer Goods,KSCL,EQ,INE455I01029
Kalyani Steels Limited,Capital Goods,KSL,EQ,INE907A01026
The Karnataka Bank Limited,Financial Services,KTKBANK,EQ,INE614B01018
Dr. Lal Path Labs Ltd.,Healthcare,LALPATHLAB,EQ,INE600L01024
La Opala RG Limited,Consumer Durables,LAOPALA,EQ,INE059D01020
Latent View Analytics Limited,Information Technology,LATENTVIEW,EQ,INE0I7C01011
Laurus Labs Limited,Healthcare,LAURUSLABS,EQ,INE947Q01028
Lemon Tree Hotels Limited,Consumer Services,LEMONTREE,EQ,INE970X01018
LG Balakrishnan & Bros Limited,Automobile and Auto Components,LGBBROSLTD,EQ,INE337A01034
LIC Housing Finance Limited,Financial Services,LICHSGFIN,EQ,INE115A01026
Life Insurance Corporation Of India,Financial Services,LICI,EQ,INE0J1Y01017
Linde India Limited,Chemicals,LINDEINDIA,EQ,INE473A01011
Lloyds Metals And Energy Limited,Metals & Mining,LLOYDSME,EQ,INE281B01032
Macrotech Developers Limited,Realty,LODHA,EQ,INE670K01029
Larsen & Toubro Limited,Construction,LT,EQ,INE018A01030
L&T Finance Ltd.,Financial Services,LTF,EQ,INE498L01015
LT Foods Ltd.,Fast Moving Consumer Goods,LTFOODS,EQ,INE818H01020
LTIMindtree Ltd.,Information Technology,LTM,EQ,INE214T01019
L&T Technology Services Ltd.,Information Technology,LTTS,EQ,INE010V01017
Lupin Limited,Healthcare,LUPIN,EQ,INE326A01037
Lux Industries Limited,Textiles,LUXIND,EQ,INE150G01020
Laxmi Organic Industries Limited,Chemicals,LXCHEM,EQ,INE576O01020
Mahindra & Mahindra Limited,Automobile and Auto Components,M&M,EQ,INE101A01026
Mahindra & Mahindra Financial Services Limited,Financial Services,M&MFIN,EQ,INE774D01024
Bank of Maharashtra,Financial Services,MAHABANK,EQ,INE457A01014
Mahindra Lifespace Developers Limited,Realty,MAHLIFE,EQ,INE813A01018
Maharashtra Scooters Limited,Financial Services,MAHSCOOTER,EQ,INE288A01013
Maharashtra Seamless Limited,Capital Goods,MAHSEAMLES,EQ,INE271B01025
Manappuram Finance Limited,Financial Services,MANAPPURAM,EQ,INE522D01027
Man Infraconstruction Limited,Construction,MANINFRA,EQ,INE949H01023
Mankind Pharma Limited,Healthcare,MANKIND,EQ,INE634S01028
Vedant Fashions Limited,Consumer Services,MANYAVAR,EQ,INE825V01034
C.E. Info Systems Limited,Information Technology,MAPMYINDIA,EQ,INE0BV301023
Marico Limited,Fast Moving Consumer Goods,MARICO,EQ,INE196A01026
Marksans Pharma Limited,Healthcare,MARKSANS,EQ,INE750C01026
Maruti Suzuki India Limited,Automobile and Auto Components,MARUTI,EQ,INE585B01010
MAS Financial Services Limited,Financial Services,MASFIN,EQ,INE348L01012
Mastek Limited,Information Technology,MASTEK,EQ,INE759A01021
Max Healthcare Institute Limited,Healthcare,MAXHEALTH,EQ,INE027H01010
Mazagon Dock Shipbuilders Limited,Capital Goods,MAZDOCK,EQ,INE249Z01012
Multi Commodity Exchange of India Limited,Financial Services,MCX,EQ,INE745G01035
Global Health Limited,Healthcare,MEDANTA,EQ,INE474Q01031
Medplus Health Services Limited,Consumer Services,MEDPLUS,EQ,INE804L01022
Metro Brands Limited,Consumer Durables,METROBRAND,EQ,INE317I01021
Metropolis Healthcare Limited,Healthcare,METROPOLIS,EQ,INE112L01020
Max Financial Services Limited,Financial Services,MFSL,EQ,INE180A01020
Mahanagar Gas Limited,"Oil, Gas & Consumable Fuels",MGL,EQ,INE002S01010
Mahindra Holidays & Resorts India Limited,Consumer Services,MHRIL,EQ,INE998I01010
Mishra Dhatu Nigam Limited,Capital Goods,MIDHANI,EQ,INE099Z01011
Minda Corporation Limited,Automobile and Auto Components,MINDACORP,EQ,INE842C01021
MMTC Limited,Services,MMTC,EQ,INE123F01029
Samvardhana Motherson International Limited,Automobile and Auto Components,MOTHERSON,EQ,INE775A01035
Motilal Oswal Financial Services Limited,Financial Services,MOTILALOFS,EQ,INE338I01027
MphasiS Limited,Information Technology,MPHASIS,EQ,INE356A01018
MRF Limited,Automobile and Auto Components,MRF,EQ,INE883A01011
Mangalore Refinery and Petrochemicals Limited,"Oil, Gas & Consumable Fuels",MRPL,EQ,INE103A01014
Mstc Limited,Services,MSTCLTD,EQ,INE255X01014
Motherson Sumi Wiring India Limited,Automobile and Auto Components,MSUMI,EQ,INE0FS801015
Mtar Technologies Limited,Capital Goods,MTARTECH,EQ,INE864I01014
Muthoot Finance Limited,Financial Services,MUTHOOTFIN,EQ,INE414G01012
Nippon Life India Asset Management Limited,Financial Services,NAM-INDIA,EQ,INE298J01013
Natco Pharma Limited,Healthcare,NATCOPHARM,EQ,INE987B01026
National Aluminium Company Limited,Metals & Mining,NATIONALUM,EQ,INE139A01034
Info Edge (India) Limited,Consumer Services,NAUKRI,EQ,INE663F01024
NAVA LIMITED,Power,NAVA,EQ,INE725A01022
Navin Fluorine International Limited,Chemicals,NAVINFLUOR,EQ,INE048G01026
Navneet Education Limited,"Media, Entertainment & Publication",NAVNETEDUL,EQ,INE060A01024
Nazara Technologies Limited,"Media, Entertainment & Publication",NAZARA,EQ,INE418L01021
NBCC (India) Ltd.,Construction,NBCC,EQ,INE095N01031
NCC Limited,Construction,NCC,EQ,INE868B01028
Neogen Chemicals Limited,Chemicals,NEOGEN,EQ,INE136S01016
Nesco Limited,Services,NESCO,EQ,INE317F01035
Nestle India Limited,Fast Moving Consumer Goods,NESTLEIND,EQ,INE239A01016
Netweb Technologies India Limited,Information Technology,NETWEB,EQ,INE0NT901020
Network18 Media & Investments Limited,"Media, Entertainment & Publication",NETWORK18,EQ,INE870H01013
Neuland Laboratories Limited,Healthcare,NEULANDLAB,EQ,INE794A01010
Newgen Software Technologies Limited,Information Technology,NEWGEN,EQ,INE619B01017
National Fertilizers Limited,Chemicals,NFL,EQ,INE870D01012
Narayana Hrudayalaya Ltd.,Healthcare,NH,EQ,INE410P01011
NHPC Limited,Power,NHPC,EQ,INE848E01016
The New India Assurance Company Limited,Financial Services,NIACL,EQ,INE470Y01017
NIIT Learning Systems Limited,Consumer Services,NIITMTS,EQ,INE342G01023
Niva Bupa Health Insurance Company Ltd.,Financial Services,NIVABUPA,EQ,INE995S01015
NLC India Ltd.,Power,NLCINDIA,EQ,INE589A01014
NMDC Limited,Metals & Mining,NMDC,EQ,INE584A01023
NOCIL Limited,Chemicals,NOCIL,EQ,INE163A01018
NMDC Steel Limited,Metals & Mining,NSLNISP,EQ,INE0NNS01018
NTPC Limited,Power,NTPC,EQ,INE733E01010
NTPC Green Energy Ltd.,Power,NTPCGREEN,EQ,INE0ONG01011
Nucleus Software Exports Limited,Information Technology,NUCLEUS,EQ,INE096B01018
Nuvama Wealth Management Ltd.,Financial Services,NUVAMA,EQ,INE531F01023
Nuvoco Vistas Corporation Limited,Construction Materials,NUVOCO,EQ,INE118D01016
FSN E-Commerce Ventures Limited,Consumer Services,NYKAA,EQ,INE388Y01029
Oberoi Realty Limited,Realty,OBEROIRLTY,EQ,INE093I01010
Oracle Financial Services Software Limited,Information Technology,OFSS,EQ,INE881D01027
Oil India Limited,"Oil, Gas & Consumable Fuels",OIL,EQ,INE274J01014
Ola Electric Mobility Ltd.,Automobile and Auto Components,OLAELEC,EQ,INE0LXG01040
Olectra Greentech Limited,Automobile and Auto Components,OLECTRA,EQ,INE260D01016
Onesource Specialty Pharma Ltd.,Healthcare,ONESOURCE,EQ,INE013P01021
Oil & Natural Gas Corporation Limited,"Oil, Gas & Consumable Fuels",ONGC,EQ,INE213A01029
Orient Electric Limited,Consumer Durables,ORIENTELEC,EQ,INE142Z01019
The Orissa Minerals Development Company Limited,Metals & Mining,ORISSAMINE,EQ,INE725E01024
Page Industries Limited,Textiles,PAGEIND,EQ,INE761H01022
Paisalo Digital Limited,Financial Services,PAISALO,EQ,INE420C01059
Paradeep Phosphates Limited,Chemicals,PARADEEP,EQ,INE088F01024
Patanjali Foods Ltd.,Fast Moving Consumer Goods,PATANJALI,EQ,INE619A01035
Patel Engineering Limited,Construction,PATELENG,EQ,INE244B01030
One 97 Communications Limited,Financial Services,PAYTM,EQ,INE982J01020
PCBL LIMITED,Chemicals,PCBL,EQ,INE602A01031
PDS Limited,Textiles,PDSL,EQ,INE111Q01021
Persistent Systems Limited,Information Technology,PERSISTENT,EQ,INE262H01013
Petronet LNG Limited,"Oil, Gas & Consumable Fuels",PETRONET,EQ,INE347G01014
Power Finance Corporation Limited,Financial Services,PFC,EQ,INE134E01011
Pfizer Limited,Healthcare,PFIZER,EQ,INE182A01018
PG Electroplast Limited,Consumer Durables,PGEL,EQ,INE457L01011
Procter & Gamble Hygiene and Health Care Limited,Fast Moving Consumer Goods,PGHH,EQ,INE179A01014
The Phoenix Mills Limited,Realty,PHOENIXLTD,EQ,INE211B01039
Pidilite Industries Limited,Chemicals,PIDILITIND,EQ,INE318A01026
PI Industries Limited,Chemicals,PIIND,EQ,INE603J01030
Pilani Investment and Industries Corporation Limited,Financial Services,PILANIINVS,EQ,INE417C01014
Punjab National Bank,Financial Services,PNB,EQ,INE160A01022
PNB Housing Finance Limited,Financial Services,PNBHOUSING,EQ,INE572E01012
Pritish Nandy Communications Limited,"Media, Entertainment & Publication",PNC,EQ,INE392B01011
PNC Infratech Limited,Construction,PNCINFRA,EQ,INE195J01029
PB Fintech Limited,Financial Services,POLICYBZR,EQ,INE417T01026
Polycab India Limited,Capital Goods,POLYCAB,EQ,INE455K01017
Poly Medicure Limited,Healthcare,POLYMED,EQ,INE205C01021
Poonawalla Fincorp Limited,Financial Services,POONAWALLA,EQ,INE511C01022
Power Grid Corporation of India Limited,Power,POWERGRID,EQ,INE752E01010
Hitachi Energy India Limited,Capital Goods,POWERINDIA,EQ,INE07Y701011
Power Mech Projects Limited,Construction,POWERMECH,EQ,INE211R01019
Piramal Pharma Ltd.,Healthcare,PPLPHARMA,EQ,INE0DK501011
Praj Industries Limited,Capital Goods,PRAJIND,EQ,INE074A01025
Premier Energies Ltd.,Capital Goods,PREMIERENE,EQ,INE0BS701011
Prestige Estates Projects Ltd.,Realty,PRESTIGE,EQ,INE811K01011
Pricol Limited,Automobile and Auto Components,PRICOLLTD,EQ,INE726V01018
Prince Pipes And Fittings Limited,Capital Goods,PRINCEPIPE,EQ,INE689W01016
Privi Speciality Chemicals Limited,Chemicals,PRIVISCL,EQ,INE959A01019
Prism Johnson Limited,Construction Materials,PRSMJOHNSN,EQ,INE010A01011
Prudent Corporate Advisory Services Limited,Financial Services,PRUDENT,EQ,INE00F201020
Punjab & Sind Bank,Financial Services,PSB,EQ,INE608A01012
PTC Industries Limited,Capital Goods,PTCIL,EQ,INE596F01018
Puravankara Limited,Realty,PURVA,EQ,INE323I01011
PVR INOX Limited,"Media, Entertainment & Publication",PVRINOX,EQ,INE191H01014
Quess Corp Limited,Services,QUESS,EQ,INE615P01015
Race Eco Chain Limited,Utilities,RACE,EQ,INE084Q01012
Radico Khaitan Limited,Fast Moving Consumer Goods,RADICO,EQ,INE944F01028
Railtel Corporation Of India Limited,Telecommunication,RAILTEL,EQ,INE0DD101019
Rain Industries Limited,Chemicals,RAIN,EQ,INE855B01025
Rainbow Childrens Medicare Limited,Healthcare,RAINBOW,EQ,INE961O01016
Rajesh Exports Limited,Consumer Durables,RAJESHEXPO,EQ,INE343B01030
Rajratan Global Wire Limited,Automobile and Auto Components,RAJRATAN,EQ,INE451D01029
Rallis India Limited,Chemicals,RALLIS,EQ,INE613A01020
The Ramco Cements Limited,Construction Materials,RAMCOCEM,EQ,INE331A01037
Ramky Infrastructure Limited,Construction,RAMKY,EQ,INE874I01013
Rategain Travel Technologies Limited,Information Technology,RATEGAIN,EQ,INE0CLI01024
Ratnamani Metals & Tubes Limited,Capital Goods,RATNAMANI,EQ,INE703B01027
Raymond Limited,Textiles,RAYMOND,EQ,INE301A01014
Restaurant Brands Asia Limited,Consumer Services,RBA,EQ,INE07T201019
RBL Bank Limited,Financial Services,RBLBANK,EQ,INE976G01028
Rashtriya Chemicals and Fertilizers Limited,Chemicals,RCF,EQ,INE027A01015
REC Limited,Financial Services,RECLTD,EQ,INE020B01018
Redington Limited,Services,REDINGTON,EQ,INE891D01026
Redtape Limited,Consumer Durables,REDTAPE,EQ,INE0LXT01019
Relaxo Footwears Limited,Consumer Durables,RELAXO,EQ,INE131B01039
Reliance Industries Limited,"Oil, Gas & Consumable Fuels",RELIANCE,EQ,INE002A01018
Religare Enterprises Limited,Financial Services,RELIGARE,EQ,INE621H01010
Reliance Infrastructure Ltd.,Power,RELINFRA,BE,INE036A01016
Shree Renuka Sugars Limited,Fast Moving Consumer Goods,RENUKA,EQ,INE087H01022
Responsive Industries Limited,Consumer Durables,RESPONIND,EQ,INE688D01026
RHI MAGNESITA INDIA LIMITED,Capital Goods,RHIM,EQ,INE743M01012
RITES Limited,Construction,RITES,EQ,INE320J01015
Ramkrishna Forgings Limited,Capital Goods,RKFORGE,EQ,INE399G01023
Rolex Rings Limited,Automobile and Auto Components,ROLEXRINGS,EQ,INE645S01016
Rossari Biotech Limited,Chemicals,ROSSARI,EQ,INE02A801020
ROUTE MOBILE LIMITED,Telecommunication,ROUTE,EQ,INE450U01017
Reliance Power Limited,Power,RPOWER,EQ,INE614G01033
R R Kabel Limited,Capital Goods,RRKABEL,EQ,INE777K01022
R Systems International Limited,Information Technology,RSYSTEMS,EQ,INE411H01032
RattanIndia Enterprises Limited,Services,RTNINDIA,EQ,INE834M01019
RattanIndia Power Limited,Power,RTNPOWER,EQ,INE399K01017
Keystone Realtors Limited,Realty,RUSTOMJEE,EQ,INE263M01029
Rail Vikas Nigam Limited,Construction,RVNL,EQ,INE415G01027
Safari Industries (India) Limited,Consumer Durables,SAFARI,EQ,INE429E01023
Sagility Ltd.,Information Technology,SAGILITY,EQ,INE0W2G01015
Steel Authority of India Limited,Metals & Mining,SAIL,EQ,INE114A01011
Sai Life Sciences Ltd.,Healthcare,SAILIFE,EQ,INE570L01029
Saksoft Limited,Information Technology,SAKSOFT,EQ,INE667G01023
Salasar Techno Engineering Limited,Capital Goods,SALASAR,EQ,INE170V01027
Samhi Hotels Limited,Consumer Services,SAMHI,EQ,INE08U801020
Sammaan Capital Ltd.,Financial Services,SAMMAANCAP,EQ,INE148I01020
Sandur Manganese & Iron Ores Limited,"Oil, Gas & Consumable Fuels",SANDUMA,EQ,INE149K01016
Sanghvi Movers Limited,Capital Goods,SANGHVIMOV,EQ,INE989A01024
Sanofi India Limited,Healthcare,SANOFI,EQ,INE058A01010
Sansera Engineering Limited,Automobile and Auto Components,SANSERA,EQ,INE953O01021
Sapphire Foods India Limited,Consumer Services,SAPPHIRE,EQ,INE806T01012
Sarda Energy & Minerals Limited,Metals & Mining,SARDAEN,EQ,INE385C01021
Saregama India Limited,"Media, Entertainment & Publication",SAREGAMA,EQ,INE979A01025
SBFC Finance Limited,Financial Services,SBFC,EQ,INE423Y01016
SBI Cards and Payment Services Limited,Financial Services,SBICARD,EQ,INE018E01016
SBI Life Insurance Company Limited,Financial Services,SBILIFE,EQ,INE123W01016
State Bank of India,Financial Services,SBIN,EQ,INE062A01020
Schaeffler India Limited,Automobile and Auto Components,SCHAEFFLER,EQ,INE513A01022
Schneider Electric Infrastructure Limited,Capital Goods,SCHNEIDER,EQ,INE839M01018
Shipping Corporation Of India Limited,Services,SCI,EQ,INE109A01011
Senco Gold Limited,Consumer Durables,SENCO,EQ,INE602W01019
Sheela Foam Limited,Consumer Durables,SFL,EQ,INE916U01025
Shanthi Gears Limited,Capital Goods,SHANTIGEAR,EQ,INE631A01022
Sharda Cropchem Limited,Chemicals,SHARDACROP,EQ,INE221J01015
Sharda Motor Industries Limited,Automobile and Auto Components,SHARDAMOTR,EQ,INE597I01028
Share India Securities Limited,Financial Services,SHAREINDIA,EQ,INE932X01018
Shilpa Medicare Limited,Healthcare,SHILPAMED,EQ,INE790G01031
Shoppers Stop Limited,Consumer Services,SHOPERSTOP,EQ,INE498B01024
SHREE CEMENT LIMITED,Construction Materials,SHREECEM,EQ,INE070A01015
Shriram Finance Ltd.,Financial Services,SHRIRAMFIN,EQ,INE721A01047
Shyam Metalics and Energy Limited,Metals & Mining,SHYAMMETL,EQ,INE810G01011
Siemens Ltd.,Capital Goods,SIEMENS,EQ,INE003A01024
Signatureglobal (India) Ltd.,Realty,SIGNATURE,EQ,INE903U01023
SIS LIMITED,Services,SIS,EQ,INE285J01028
SJVN Limited,Power,SJVN,EQ,INE002L01015
SKF India Limited,Capital Goods,SKFINDIA,EQ,INE640A01023
Skipper Limited,Capital Goods,SKIPPER,EQ,INE439E01022
Sobha Limited,Realty,SOBHA,EQ,INE671H01015
Solar Industries India Limited,Chemicals,SOLARINDS,EQ,INE343H01029
Sona BLW Precision Forgings Limited,Automobile and Auto Components,SONACOMS,EQ,INE073K01018
Sonata Software Limited,Information Technology,SONATSOFTW,EQ,INE269A01021
The South Indian Bank Limited,Financial Services,SOUTHBANK,EQ,INE683A01023
Spandana Sphoorty Financial Limited,Financial Services,SPANDANA,EQ,INE572J01011
Sun Pharma Advanced Research Company Limited,Healthcare,SPARC,EQ,INE232I01014
Supreme Petrochem Limited,Chemicals,SPLPETRO,EQ,INE663A01033
SRF Limited,Chemicals,SRF,EQ,INE647A01010
Steel Strips Wheels Limited,Automobile and Auto Components,SSWL,EQ,INE802C01033
Strides Pharma Science Limited,Healthcare,STAR,EQ,INE939A01011
Star Cement Limited,Construction Materials,STARCEMENT,EQ,INE460H01021
Star Health and Allied Insurance Company Limited,Financial Services,STARHEALTH,EQ,INE575P01011
Sterlite Technologies Limited,Telecommunication,STLTECH,EQ,INE089C01029
Subros Limited,Automobile and Auto Components,SUBROS,EQ,INE287B01021
Sudarshan Chemical Industries Limited,Chemicals,SUDARSCHEM,EQ,INE659A01023
Sula Vineyards Limited,Fast Moving Consumer Goods,SULA,EQ,INE142Q01026
Sumitomo Chemical India Limited,Chemicals,SUMICHEM,EQ,INE258G01013
Sundaram Finance Limited,Financial Services,SUNDARMFIN,EQ,INE660A01013
Sundram Fasteners Limited,Automobile and Auto Components,SUNDRMFAST,EQ,INE387A01021
Sunflag Iron And Steel Company Limited,Metals & Mining,SUNFLAG,EQ,INE947A01014
Sun Pharmaceutical Industries Limited,Healthcare,SUNPHARMA,EQ,INE044A01036
Sunteck Realty Limited,Realty,SUNTECK,EQ,INE805D01034
Sun TV Network Limited,"Media, Entertainment & Publication",SUNTV,EQ,INE424H01027
Suprajit Engineering Limited,Automobile and Auto Components,SUPRAJIT,EQ,INE399C01030
Supreme Industries Limited,Capital Goods,SUPREMEIND,EQ,INE195A01028
Surya Roshni Limited,Capital Goods,SURYAROSNI,EQ,INE335A01012
Suzlon Energy Limited,Capital Goods,SUZLON,EQ,INE040H01021
Swan Corp Ltd.,Chemicals,SWANCORP,EQ,INE665A01038
Swiggy Ltd.,Consumer Services,SWIGGY,EQ,INE00H001014
Symphony Limited,Consumer Durables,SYMPHONY,EQ,INE225D01027
Syngene International Limited,Healthcare,SYNGENE,EQ,INE398R01022
Syrma SGS Technology Limited,Capital Goods,SYRMA,EQ,INE0DYJ01015
Tanla Platforms Limited,Information Technology,TANLA,EQ,INE483C01032
TARC Limited,Realty,TARC,EQ,INE0EK901012
Transformers And Rectifiers (India) Ltd.,Capital Goods,TARIL,EQ,INE763I01026
Tasty Bite Eatables Limited,Fast Moving Consumer Goods,TASTYBITE,EQ,INE488B01017
Tata Chemicals Limited,Chemicals,TATACHEM,EQ,INE092A01019
Tata Communications Limited,Telecommunication,TATACOMM,EQ,INE151A01013
TATA CONSUMER PRODUCTS LIMITED,Fast Moving Consumer Goods,TATACONSUM,EQ,INE192A01025
Tata Elxsi Limited,Information Technology,TATAELXSI,EQ,INE670A01012
Tata Investment Corporation Ltd.,Financial Services,TATAINVEST,EQ,INE672A01026
Tata Power Company Limited,Power,TATAPOWER,EQ,INE245A01021
Tata Steel Limited,Metals & Mining,TATASTEEL,EQ,INE081A01020
Tata Technologies Ltd.,Information Technology,TATATECH,EQ,INE142M01025
Tatva Chintan Pharma Chem Limited,Chemicals,TATVA,EQ,INE0GK401011
TBO Tek Ltd.,Consumer Services,TBOTEK,EQ,INE673O01025
Transport Corporation of India Limited,Services,TCI,EQ,INE688A01022
TCI Express Limited,Services,TCIEXP,EQ,INE586V01016
Tata Consultancy Services Limited,Information Technology,TCS,EQ,INE467B01029
TD Power Systems Limited,Capital Goods,TDPOWERSYS,EQ,INE419M01027
Teamlease Services Limited,Services,TEAMLEASE,EQ,INE985S01024
Tech Mahindra Limited,Information Technology,TECHM,EQ,INE669C01036
Techno Electric & Engineering Company Limited,Construction,TECHNOE,EQ,INE285K01026
Tega Industries Limited,Capital Goods,TEGA,EQ,INE011K01018
Tejas Networks Limited,Telecommunication,TEJASNET,EQ,INE010J01012
Texmaco Rail & Engineering Limited,Capital Goods,TEXRAIL,EQ,INE621L01012
Thangamayil Jewellery Limited,Consumer Durables,THANGAMAYL,EQ,INE085J01014
Leela Palaces Hotels & Resorts Ltd.,Consumer Services,THELEELA,EQ,INE0AQ201015
Thermax Limited,Capital Goods,THERMAX,EQ,INE152A01029
Tilaknagar Industries Limited,Fast Moving Consumer Goods,TI,EQ,INE133E01013
Technocraft Industries (India) Limited,Capital Goods,TIIL,EQ,INE545H01011
Tube Investments of India Limited,Automobile and Auto Components,TIINDIA,EQ,INE974X01010
Time Technoplast Limited,Capital Goods,TIMETECHNO,EQ,INE508G01029
Timken India Limited,Capital Goods,TIMKEN,EQ,INE325A01013
TITAGARH RAIL SYSTEMS LIMITED,Capital Goods,TITAGARH,EQ,INE615H01020
Titan Company Limited,Consumer Durables,TITAN,EQ,INE280A01028
Tamilnad Mercantile Bank Limited,Financial Services,TMB,EQ,INE668A01016
Tata Motors Passenger Vehicles Ltd.,Automobile and Auto Components,TMPV,EQ,INE155A01022
Torrent Pharmaceuticals Limited,Healthcare,TORNTPHARM,EQ,INE685A01028
Torrent Power Limited,Power,TORNTPOWER,EQ,INE813H01021
Trent Limited,Consumer Services,TRENT,EQ,INE849A01020
Trident Limited,Textiles,TRIDENT,EQ,INE064C01022
Triveni Turbine Limited,Capital Goods,TRITURBINE,EQ,INE152M01016
Triveni Engineering & Industries Limited,Fast Moving Consumer Goods,TRIVENI,EQ,INE256C01024
TTK Prestige Limited,Consumer Durables,TTKPRESTIG,EQ,INE690A01028
Tata Teleservices (Maharashtra) Limited,Telecommunication,TTML,EQ,INE517B01013
TVS Holdings Limited,Automobile and Auto Components,TVSHLTD,EQ,INE105A01035
TVS Motor Company Limited,Automobile and Auto Components,TVSMOTOR,EQ,INE494B01023
TVS Supply Chain Solutions Limited,Services,TVSSCS,EQ,INE395N01027
TVS Srichakra Limited,Automobile and Auto Components,TVSSRICHAK,EQ,INE421C01016
United Breweries Limited,Fast Moving Consumer Goods,UBL,EQ,INE686F01025
UCO Bank,Financial Services,UCOBANK,EQ,INE691A01018
Ujjivan Small Finance Bank Limited,Financial Services,UJJIVANSFB,EQ,INE551W01018
UltraTech Cement Limited,Construction Materials,ULTRACEMCO,EQ,INE481G01011
Union Bank of India,Financial Services,UNIONBANK,EQ,INE692A01016
United Spirits Ltd.,Fast Moving Consumer Goods,UNITDSPR,EQ,INE854D01024
UNO Minda Limited,Automobile and Auto Components,UNOMINDA,EQ,INE405E01023
UPL Limited,Chemicals,UPL,EQ,INE628A01036
Usha Martin Limited,Capital Goods,USHAMART,EQ,INE228A01035
UTI Asset Management Company Limited,Financial Services,UTIAMC,EQ,INE094J01016
Utkarsh Small Finance Bank Limited,Financial Services,UTKARSHBNK,EQ,INE735W01017
Vaibhav Global Limited,Consumer Durables,VAIBHAVGBL,EQ,INE884A01027
Varroc Engineering Limited,Automobile and Auto Components,VARROC,EQ,INE665L01035
Varun Beverages Limited,Fast Moving Consumer Goods,VBL,EQ,INE200M01021
Vedanta Limited,Metals & Mining,VEDL,EQ,INE205A01025
Ventive Hospitality Ltd.,Consumer Services,VENTIVE,EQ,INE781S01027
Venus Pipes & Tubes Limited,Capital Goods,VENUSPIPES,EQ,INE0JA001018
Vesuvius India Limited,Capital Goods,VESUVIUS,EQ,INE386A01015
V-Guard Industries Limited,Consumer Durables,VGUARD,EQ,INE951I01027
Vijaya Diagnostic Centre Limited,Healthcare,VIJAYA,EQ,INE043W01024
Vinati Organics Limited,Chemicals,VINATIORGA,EQ,INE410B01037
VIP Industries Limited,Consumer Durables,VIPIND,EQ,INE054A01027
V-Mart Retail Limited,Consumer Services,VMART,EQ,INE665J01013
Vishal Mega Mart Ltd.,Consumer Services,VMM,EQ,INE01EA01019
Voltamp Transformers Limited,Capital Goods,VOLTAMP,EQ,INE540H01012
Voltas Limited,Consumer Durables,VOLTAS,EQ,INE226A01021
VRL Logistics Limited,Services,VRLLOG,EQ,INE366I01010
VST Industries Limited,Fast Moving Consumer Goods,VSTIND,EQ,INE710A01016
V.S.T Tillers Tractors Limited,Capital Goods,VSTTILLERS,EQ,INE764D01017
Vardhman Textiles Limited,Textiles,VTL,EQ,INE825A01020
Waaree Energies Ltd.,Capital Goods,WAAREEENER,EQ,INE377N01017
VA Tech Wabag Limited,Utilities,WABAG,EQ,INE956G01038
Welspun Corp Limited,Capital Goods,WELCORP,EQ,INE191B01025
Welspun Enterprises Limited,Construction,WELENT,EQ,INE625G01013
Welspun Living Ltd.,Textiles,WELSPUNLIV,EQ,INE192B01031
WESTLIFE FOODWORLD LIMITED,Consumer Services,WESTLIFE,EQ,INE274F01020
Whirlpool of India Limited,Consumer Durables,WHIRLPOOL,EQ,INE716A01013
Wipro Limited,Information Technology,WIPRO,EQ,INE075A01022
Wockhardt Limited,Healthcare,WOCKPHARMA,EQ,INE049B01025
Wonderla Holidays Limited,Consumer Services,WONDERLA,EQ,INE066O01014
West Coast Paper Mills Limited,Forest Materials,WSTCSTPAPR,EQ,INE976A01021
Yatharth Hospital & Trauma Care Services Limited,Healthcare,YATHARTH,EQ,INE0JO301016
Yes Bank Limited,Financial Services,YESBANK,EQ,INE528G01035
Zaggle Prepaid Ocean Services Limited,Information Technology,ZAGGLE,EQ,INE07K301024
Zee Entertainment Enterprises Limited,"Media, Entertainment & Publication",ZEEL,EQ,INE256A01028
Zensar Technologies Limited,Information Technology,ZENSARTECH,EQ,INE520A01027
Zen Technologies Ltd.,Capital Goods,ZENTEC,EQ,INE251B01027
ZF Commercial Vehicle Control Systems India Limited,Automobile and Auto Components,ZFCVINDIA,EQ,INE342J01019
Zydus Lifesciences Limited,Healthcare,ZYDUSLIFE,EQ,INE010B01027
Zydus Wellness Limited,Fast Moving Consumer Goods,ZYDUSWELL,EQ,INE768C01010
